p25,median,p75,mean,count,min,max,type,name,pricing,provider,timestamp,date
1.99,1.99,1.99,2.1233333333333326,108.0,1.99,2.79,gpu_provider,A100,on-demand,lambdalabs,2026-10-05 13:46:00.264934,2026-10-05
2.20401,2.30238,2.42438,2.3888948738839284,112.0,1.9508275,3.6176655,gpu_provider,A100,spot,gcp,2026-10-05 13:46:00.264934,2026-10-05
2.49227125,3.6792675,4.04959090625,3.4898916517857144,112.0,2.16346,5.7077325,gpu_provider,A100,on-demand,gcp,2026-10-05 13:46:00.264934,2026-10-05
1.49,1.59,1.59,1.477142857142857,7.0,1.0,1.59,gpu_provider,A100,on-demand,runpod,2026-10-05 13:46:00.264934,2026-10-05
0.814598,0.88242,1.055194,1.0214914621559632,109.0,0.67877,2.110388,gpu_provider,A100,spot,azure,2026-10-05 13:46:00.264934,2026-10-05
4.4075,4.775,5.14225,4.90030652173913,115.0,3.399625,8.1925,gpu_provider,A100,on-demand,azure,2026-10-05 13:46:00.264934,2026-10-05
0.66,0.912,0.912,0.8280000000000001,18.0,0.66,0.912,gpu_provider,A100,spot,verda,2026-10-05 13:46:00.264934,2026-10-05
5.634884375,5.96760625,6.588478125,5.557370833333334,6.0,1.8884375,7.2011625,gpu_provider,B200,spot,aws,2026-10-05 13:46:00.264934,2026-10-05
14.0,14.0,14.0,14.0,44.0,14.0,14.0,gpu_provider,B200,on-demand,oci,2026-10-05 13:46:00.264934,2026-10-05
6.57083,6.57083,6.57083,6.57083,1.0,6.57083,6.57083,gpu_provider,B200,spot,vastai,2026-10-05 13:46:00.264934,2026-10-05
6.88333,6.88333,6.88333,6.88333,1.0,6.88333,6.88333,gpu_provider,B200,on-demand,vastai,2026-10-05 13:46:00.264934,2026-10-05
14.2416,17.08992,17.90525125,16.769088333333332,9.0,14.2416,21.7896475,gpu_provider,B200,on-demand,aws,2026-10-05 13:46:00.264934,2026-10-05
4.197375,5.1654,5.403549999999999,4.6172,12.0,1.7399,6.2126,gpu_provider,B200,spot,gcp,2026-10-05 13:46:00.264934,2026-10-05
11.277,11.277,11.277,11.276999999999996,15.0,11.277,11.277,gpu_provider,B200,on-demand,gcp,2026-10-05 13:46:00.264934,2026-10-05
6.69,6.89,6.99,6.8566666666666665,54.0,6.69,6.99,gpu_provider,B200,on-demand,lambdalabs,2026-10-05 13:46:00.264934,2026-10-05
1.32,1.8238750000000001,1.824,1.6559583333333334,18.0,1.32,1.824,gpu_provider,A100,on-demand,verda,2026-10-05 13:46:00.264934,2026-10-05
3.1564675,3.43088125,3.801285,3.5327744761904762,21.0,2.744705,4.7027875,gpu_provider,A100,on-demand,aws,2026-10-05 13:46:00.264934,2026-10-05
,10.0,,,,,,metric,hyperscaler_median_h100,on-demand,,2026-10-05 13:46:00.264934,2026-10-05
3.05,3.525,4.0,3.525,88.0,3.05,4.0,gpu_provider,A100,on-demand,oci,2026-10-05 13:46:00.264934,2026-10-05
3.95,3.95,3.95,3.95,4.0,3.95,3.95,gpu_provider,B200,spot,nebius,2026-10-05 13:46:00.264934,2026-10-05
3.49,3.99,4.19,3.8690355122950826,122.0,1.82104,4.5,provider_h100,neocloud,on-demand,,2026-10-05 13:46:00.264934,2026-10-05
5.8103823125,10.0,11.06125,9.381680958333334,168.0,5.3832685,15.830423875,provider_h100,hyperscaler,on-demand,,2026-10-05 13:46:00.264934,2026-10-05
,1.0050251256281406,,,,,,metric,hyperscaler_premium_all,on-demand,,2026-10-05 13:46:00.264934,2026-10-05
,1.99,,,,,,metric,neocloud_median_all,on-demand,,2026-10-05 13:46:00.264934,2026-10-05
,2.0,,,,,,metric,hyperscaler_median_all,on-demand,,2026-10-05 13:46:00.264934,2026-10-05
1.09,1.99,4.0,2.771598925501433,698.0,0.13,9.5,provider,neocloud,on-demand,,2026-10-05 13:46:00.264934,2026-10-05
1.190164,2.0,4.41439,3.5816250576713227,4582.0,0.397712,35.14125,provider,hyperscaler,on-demand,,2026-10-05 13:46:00.264934,2026-10-05
,3.6064414768263946,,,,,,metric,training_inference_ratio,on-demand,,2026-10-05 13:46:00.264934,2026-10-05
0.336338,0.54752,0.77256,0.6586991306845381,2089.0,0.0684,4.9728,aggregate,inference,spot,,2026-10-05 13:46:00.264934,2026-10-05
0.883306,1.273,1.822916,1.6813467074671191,2357.0,0.397712,10.98917,aggregate,inference,on-demand,,2026-10-05 13:46:00.264934,2026-10-05
0.506757,0.853624,1.391888,1.200844955802969,4446.0,0.0684,10.98917,aggregate,inference,all,,2026-10-05 13:46:00.264934,2026-10-05
1.653724,2.462,6.242568,3.926808896581196,585.0,0.136665,21.2,aggregate,training,spot,,2026-10-05 13:46:00.264934,2026-10-05
3.29,4.591,8.6,6.086772530788177,1015.0,0.71296,21.7896475,aggregate,training,on-demand,,2026-10-05 13:46:00.264934,2026-10-05
2.353126,4.077275,6.89,5.29703582703125,1600.0,0.136665,21.7896475,aggregate,training,all,,2026-10-05 13:46:00.264934,2026-10-05
0.20237,0.202375,0.64629,0.5750379999999999,5.0,0.136665,1.68749,gpu_provider,A100,spot,vastai,2026-10-05 13:46:00.264934,2026-10-05
0.95771,0.95771,1.003335,1.039841,5.0,0.71296,1.56749,gpu_provider,A100,on-demand,vastai,2026-10-05 13:46:00.264934,2026-10-05
1.17790625,1.99973125,2.48406875,2.0575527777777776,18.0,0.6121375,4.1170625,gpu_provider,A100,spot,aws,2026-10-05 13:46:00.264934,2026-10-05
8.5,8.5,8.5,8.5,4.0,8.5,8.5,gpu_provider,B200,on-demand,nebius,2026-10-05 13:46:00.264934,2026-10-05
2.15,2.15,2.15,2.15,2.0,2.15,2.15,gpu_provider,H100,spot,nebius,2026-10-05 13:46:00.264934,2026-10-05
7.1265,7.12725,7.1275,7.12675,12.0,7.125,7.1275,gpu_provider,B200,on-demand,verda,2026-10-05 13:46:00.264934,2026-10-05
7.0004,8.256,8.944,8.345969230769231,26.0,6.88,11.5584,gpu_provider,H100,on-demand,aws,2026-10-05 13:46:00.264934,2026-10-05
4.837132,6.289417375,6.8118929999999995,5.806879099476441,191.0,1.08806,9.087344625,gpu_provider,H100,spot,gcp,2026-10-05 13:46:00.264934,2026-10-05
5.596119875,10.97905825,12.705471187499999,9.378848989795918,98.0,5.3832685,15.830423875,gpu_provider,H100,on-demand,gcp,2026-10-05 13:46:00.264934,2026-10-05
0.88242,1.610830625,2.29234,1.6553966994274807,262.0,0.136665,4.1170625,gpu,A100,spot,,2026-10-05 13:46:00.264934,2026-10-05
1.99,3.220091,4.09625,3.403919481012658,474.0,0.71296,8.1925,gpu,A100,on-demand,,2026-10-05 13:46:00.264934,2026-10-05
1.99,2.40226,4.0,2.781483382133152,736.0,0.136665,8.1925,gpu,A100,all,,2026-10-05 13:46:00.264934,2026-10-05
3.563625,3.95,5.4148,4.396648714285714,35.0,1.7399,7.2011625,gpu,B200,spot,,2026-10-05 13:46:00.264934,2026-10-05
2.6192625,2.998,3.6046,3.825583928571429,21.0,1.7313,9.8579,gpu_provider,H100,spot,aws,2026-10-05 13:46:00.264934,2026-10-05
6.89,8.5,14.0,10.307490107913669,139.0,6.69,21.7896475,gpu,B200,on-demand,,2026-10-05 13:46:00.264934,2026-10-05
2.462,10.6,13.78,8.5285288377193,57.0,2.159325,21.2,gpu,H200,spot,,2026-10-05 13:46:00.264934,2026-10-05
7.912,10.0,10.67964,9.676164520089285,112.0,3.59,21.2,gpu,H200,on-demand,,2026-10-05 13:46:00.264934,2026-10-05
4.925,10.0,12.402,9.289092130177515,169.0,2.159325,21.2,gpu,H200,all,,2026-10-05 13:46:00.264934,2026-10-05
3.0167720625000003,6.242568,6.637405375,5.296365456709957,231.0,0.701375,9.8579,gpu,H100,spot,,2026-10-05 13:46:00.264934,2026-10-05
4.09,5.590565875,10.0,7.062568046551725,290.0,1.82104,15.830423875,gpu,H100,on-demand,,2026-10-05 13:46:00.264934,2026-10-05
3.99,5.826186875,8.187277125,6.279472464491363,521.0,0.701375,15.830423875,gpu,H100,all,,2026-10-05 13:46:00.264934,2026-10-05
,3.99,,,,,,metric,neocloud_median_h100,on-demand,,2026-10-05 13:46:00.264934,2026-10-05
6.69,6.99,14.0,9.118527758620688,174.0,1.7399,21.7896475,gpu,B200,all,,2026-10-05 13:46:00.264934,2026-10-05
3.774,3.774,3.774,3.7741499999999997,15.0,3.77375,3.775,gpu_provider,H100,on-demand,verda,2026-10-05 13:46:00.264934,2026-10-05
1.887,1.887,1.887,1.8871,15.0,1.887,1.8875,gpu_provider,H100,spot,verda,2026-10-05 13:46:00.264934,2026-10-05
4.5,4.5,4.5,4.5,2.0,4.5,4.5,gpu_provider,H100,on-demand,nebius,2026-10-05 13:46:00.264934,2026-10-05
12.402,13.78,13.886,13.648551724137931,29.0,10.6,21.2,gpu_provider,H200,spot,azure,2026-10-05 13:46:00.264934,2026-10-05
12.402,13.78,13.886,13.648551724137931,29.0,10.6,21.2,gpu_provider,H200,on-demand,azure,2026-10-05 13:46:00.264934,2026-10-05
10.0,10.0,10.0,10.0,44.0,10.0,10.0,gpu_provider,H200,on-demand,oci,2026-10-05 13:46:00.264934,2026-10-05
5.1191165624999995,5.283634375,5.4481521875,5.283634375,2.0,4.95459875,5.61267,gpu_provider,H200,spot,vastai,2026-10-05 13:46:00.264934,2026-10-05
5.3921421875,5.566528125,5.7409140625,5.566528125,2.0,5.21775625,5.9153,gpu_provider,H200,on-demand,vastai,2026-10-05 13:46:00.264934,2026-10-05
3.555775,3.8519687499999997,4.327403125,4.438171875,8.0,2.159325,9.89,gpu_provider,H200,spot,aws,2026-10-05 13:46:00.264934,2026-10-05
7.912,9.4944,9.89,9.135316923076923,13.0,7.912,10.91856,gpu_provider,H200,on-demand,aws,2026-10-05 13:46:00.264934,2026-10-05
4.59,4.59,4.59,4.423333333333333,6.0,3.59,4.59,gpu_provider,H200,on-demand,runpod,2026-10-05 13:46:00.264934,2026-10-05
2.462,2.462,2.4621250000000003,2.462125,12.0,2.462,2.4625,gpu_provider,H200,spot,verda,2026-10-05 13:46:00.264934,2026-10-05
4.9239375,4.924,4.924250000000001,4.9241874999999995,12.0,4.92375,4.925,gpu_provider,H200,on-demand,verda,2026-10-05 13:46:00.264934,2026-10-05
2.45,2.45,2.45,2.4499999999999997,6.0,2.45,2.45,gpu_provider,H200,spot,nebius,2026-10-05 13:46:00.264934,2026-10-05
5.4,5.4,5.4,5.3999999999999995,6.0,5.4,5.4,gpu_provider,H200,on-demand,nebius,2026-10-05 13:46:00.264934,2026-10-05
10.0,10.0,10.0,10.0,44.0,10.0,10.0,gpu_provider,H100,on-demand,oci,2026-10-05 13:46:00.264934,2026-10-05
3.99,4.09,4.19,3.9700000000000006,90.0,3.29,4.29,gpu_provider,H100,on-demand,lambdalabs,2026-10-05 13:46:00.264934,2026-10-05
0.701375,0.701375,0.701375,0.701375,2.0,0.701375,0.701375,gpu_provider,H100,spot,vastai,2026-10-05 13:46:00.264934,2026-10-05
1.821040625,1.82104125,1.821041875,1.82104125,2.0,1.82104,1.8210425,gpu_provider,H100,on-demand,vastai,2026-10-05 13:46:00.264934,2026-10-05
3.49,3.49,3.49,3.497538461538462,13.0,2.89,4.188,gpu_provider,H100,on-demand,runpod,2026-10-05 13:46:00.264934,2026-10-05
3.56325,3.563625,3.5638125,3.5634374999999996,12.0,3.5625,3.564,gpu_provider,B200,spot,verda,2026-10-05 13:46:00.264934,2026-10-05
,2.506265664160401,,,,,,metric,hyperscaler_premium_h100,on-demand,,2026-10-05 13:46:00.264934,2026-10-05
