date,pipeline_tag,total_downloads,model_count,share_pct
2026-06-29,sentence-similarity,408558150,10,28.9143
2026-06-29,text-generation,212935024,24,15.0698
2026-06-29,fill-mask,139014973,9,9.8383
2026-06-29,feature-extraction,115425606,7,8.1689
2026-06-29,image-text-to-text,97724685,14,6.9161
2026-06-29,unknown,93561961,8,6.6215
2026-06-29,text-ranking,79823956,1,5.6493
2026-06-29,automatic-speech-recognition,54532032,9,3.8593
2026-06-29,image-classification,44752660,4,3.1672
2026-06-29,time-series-forecasting,37344981,3,2.643
2026-06-29,zero-shot-image-classification,34774743,2,2.4611
2026-06-29,text-classification,27802987,3,1.9677
2026-06-29,text-to-speech,24682044,2,1.7468
2026-06-29,translation,15116317,1,1.0698
2026-06-29,audio-classification,14687582,1,1.0395
2026-06-29,voice-activity-detection,6646424,1,0.4704
2026-06-29,any-to-any,5611736,1,0.3972
2026-06-28,sentence-similarity,409847778,10,28.9585
2026-06-28,text-generation,213041480,24,15.0528
2026-06-28,fill-mask,138042486,9,9.7536
2026-06-28,feature-extraction,114904997,7,8.1188
2026-06-28,image-text-to-text,98584539,14,6.9656
2026-06-28,unknown,94665019,8,6.6887
2026-06-28,text-ranking,80078441,1,5.6581
2026-06-28,automatic-speech-recognition,54974788,9,3.8843
2026-06-28,image-classification,44107266,4,3.1165
2026-06-28,time-series-forecasting,37222167,3,2.63
2026-06-28,zero-shot-image-classification,34870316,2,2.4638
2026-06-28,text-classification,27856590,3,1.9683
2026-06-28,text-to-speech,24840398,2,1.7551
2026-06-28,audio-classification,15443860,1,1.0912
2026-06-28,translation,14394861,1,1.0171
2026-06-28,voice-activity-detection,6743369,1,0.4765
2026-06-28,any-to-any,5677536,1,0.4012
2026-06-27,sentence-similarity,412515986,10,28.9992
2026-06-27,text-generation,214329283,24,15.067
2026-06-27,fill-mask,138891662,9,9.7638
2026-06-27,feature-extraction,114521883,7,8.0507
2026-06-27,image-text-to-text,95991934,13,6.7481
2026-06-27,unknown,95702254,8,6.7277
2026-06-27,text-ranking,80423371,1,5.6536
2026-06-27,automatic-speech-recognition,55493224,9,3.9011
2026-06-27,image-classification,43338895,4,3.0467
2026-06-27,time-series-forecasting,36944355,3,2.5971
2026-06-27,zero-shot-image-classification,34967588,2,2.4582
2026-06-27,text-classification,27906524,3,1.9618
2026-06-27,text-to-speech,25199487,2,1.7715
2026-06-27,audio-classification,15828115,1,1.1127
2026-06-27,translation,13698687,1,0.963
2026-06-27,voice-activity-detection,10962297,2,0.7706
2026-06-27,any-to-any,5793827,1,0.4073
2026-06-26,sentence-similarity,413262516,10,29.02
2026-06-26,text-generation,214281825,24,15.0472
2026-06-26,fill-mask,138765496,9,9.7444
2026-06-26,feature-extraction,114582892,7,8.0462
2026-06-26,image-text-to-text,100830995,14,7.0805
2026-06-26,unknown,96179388,8,6.7539
2026-06-26,text-ranking,80615831,1,5.661
2026-06-26,automatic-speech-recognition,55629029,9,3.9064
2026-06-26,image-classification,42102225,4,2.9565
2026-06-26,time-series-forecasting,37096906,3,2.605
2026-06-26,zero-shot-image-classification,35315160,2,2.4799
2026-06-26,text-to-speech,25491399,2,1.79
2026-06-26,text-classification,23784416,2,1.6702
2026-06-26,audio-classification,16191731,1,1.137
2026-06-26,translation,12907681,1,0.9064
2026-06-26,voice-activity-detection,11097114,2,0.7793
2026-06-26,any-to-any,5926429,1,0.4162
2026-06-25,sentence-similarity,413151269,10,29.0397
2026-06-25,text-generation,209529713,23,14.7275
2026-06-25,fill-mask,143638216,10,10.0961
2026-06-25,feature-extraction,114742513,7,8.0651
2026-06-25,image-text-to-text,100790091,14,7.0844
2026-06-25,unknown,96772854,8,6.802
2026-06-25,text-ranking,80592418,1,5.6647
2026-06-25,automatic-speech-recognition,55869572,9,3.927
2026-06-25,image-classification,40621108,4,2.8552
2026-06-25,time-series-forecasting,37152862,3,2.6114
2026-06-25,zero-shot-image-classification,35391145,2,2.4876
2026-06-25,text-to-speech,25794295,2,1.813
2026-06-25,text-classification,23798441,2,1.6728
2026-06-25,audio-classification,16025895,1,1.1264
2026-06-25,translation,11562236,1,0.8127
2026-06-25,voice-activity-detection,11258691,2,0.7914
2026-06-25,any-to-any,6019752,1,0.4231
2026-06-24,sentence-similarity,419069799,10,29.1638
2026-06-24,text-generation,215051181,24,14.9658
2026-06-24,fill-mask,139353322,9,9.6978
2026-06-24,feature-extraction,116424411,7,8.1022
2026-06-24,image-text-to-text,101253690,14,7.0464
2026-06-24,unknown,99030576,8,6.8917
2026-06-24,text-ranking,81637572,1,5.6813
2026-06-24,automatic-speech-recognition,52212891,8,3.6336
2026-06-24,image-classification,39495809,4,2.7486
2026-06-24,time-series-forecasting,38144167,3,2.6545
2026-06-24,zero-shot-image-classification,35546008,2,2.4737
2026-06-24,text-classification,28259402,3,1.9666
2026-06-24,text-to-speech,26047520,2,1.8127
2026-06-24,audio-classification,16255451,1,1.1312
2026-06-24,translation,11562236,1,0.8046
2026-06-24,voice-activity-detection,11443575,2,0.7964
2026-06-24,any-to-any,6163791,1,0.4289
2026-06-23,sentence-similarity,420024697,10,29.2716
2026-06-23,text-generation,215027840,24,14.9853
2026-06-23,fill-mask,138853315,9,9.6767
2026-06-23,feature-extraction,120733728,8,8.414
2026-06-23,image-text-to-text,101253690,14,7.0564
2026-06-23,unknown,99612185,8,6.942
2026-06-23,text-ranking,81498410,1,5.6796
2026-06-23,automatic-speech-recognition,47573163,7,3.3154
2026-06-23,time-series-forecasting,38144167,3,2.6583
2026-06-23,image-classification,37983747,4,2.6471
2026-06-23,zero-shot-image-classification,35229299,2,2.4551
2026-06-23,text-classification,28157903,3,1.9623
2026-06-23,text-to-speech,25971304,2,1.8099
2026-06-23,audio-classification,16517032,1,1.1511
2026-06-23,voice-activity-detection,11438785,2,0.7972
2026-06-23,translation,10738259,1,0.7484
2026-06-23,any-to-any,6163791,1,0.4296
2026-06-22,sentence-similarity,423880294,11,29.6312
2026-06-22,text-generation,210528204,23,14.7169
2026-06-22,fill-mask,142109519,10,9.9341
2026-06-22,feature-extraction,120416456,8,8.4177
2026-06-22,image-text-to-text,100705466,14,7.0398
2026-06-22,unknown,100267285,8,7.0091
2026-06-22,text-ranking,81208618,1,5.6769
2026-06-22,automatic-speech-recognition,47688705,7,3.3337
2026-06-22,time-series-forecasting,37865279,3,2.647
2026-06-22,image-classification,36351728,4,2.5412
2026-06-22,zero-shot-image-classification,35099888,2,2.4536
2026-06-22,text-to-speech,26312324,2,1.8394
2026-06-22,text-classification,23957698,2,1.6748
2026-06-22,audio-classification,16675280,1,1.1657
2026-06-22,voice-activity-detection,11388893,2,0.7961
2026-06-22,translation,9874892,1,0.6903
2026-06-22,any-to-any,6190975,1,0.4328
2026-06-21,sentence-similarity,419874307,11,29.7015
2026-06-21,text-generation,209593770,23,14.8265
2026-06-21,fill-mask,141859034,10,10.035
2026-06-21,feature-extraction,118344211,8,8.3716
2026-06-21,image-text-to-text,99594654,14,7.0452
2026-06-21,unknown,99417437,8,7.0327
2026-06-21,text-ranking,79932064,1,5.6543
2026-06-21,automatic-speech-recognition,47470439,7,3.358
2026-06-21,time-series-forecasting,37168167,3,2.6292
2026-06-21,image-classification,34741998,4,2.4576
2026-06-21,zero-shot-image-classification,34573880,2,2.4457
2026-06-21,text-to-speech,26394786,2,1.8671
2026-06-21,text-classification,23689341,2,1.6758
2026-06-21,audio-classification,16609961,1,1.175
2026-06-21,voice-activity-detection,11261856,2,0.7967
2026-06-21,translation,6966755,1,0.4928
2026-06-21,any-to-any,6152560,1,0.4352
2026-06-20,sentence-similarity,417333244,11,29.7592
2026-06-20,text-generation,211878931,24,15.1086
2026-06-20,fill-mask,141375351,10,10.0812
2026-06-20,feature-extraction,116898144,8,8.3358
2026-06-20,image-text-to-text,99162641,14,7.0711
2026-06-20,unknown,99111023,8,7.0674
2026-06-20,text-ranking,78976309,1,5.6316
2026-06-20,automatic-speech-recognition,43028238,6,3.0683
2026-06-20,time-series-forecasting,36167996,3,2.5791
2026-06-20,zero-shot-image-classification,34173259,2,2.4368
2026-06-20,image-classification,33408416,4,2.3823
2026-06-20,text-to-speech,26504195,2,1.89
2026-06-20,text-classification,23543643,2,1.6788
2026-06-20,audio-classification,16636514,1,1.1863
2026-06-20,voice-activity-detection,11065055,2,0.789
2026-06-20,translation,6966755,1,0.4968
2026-06-20,any-to-any,6138750,1,0.4377
2026-06-19,sentence-similarity,418742179,11,29.8115
2026-06-19,text-generation,208293231,23,14.829
2026-06-19,fill-mask,140835265,10,10.0265
2026-06-19,feature-extraction,116769468,8,8.3132
2026-06-19,unknown,100106364,8,7.1269
2026-06-19,image-text-to-text,99117026,14,7.0564
2026-06-19,text-ranking,78789614,1,5.6093
2026-06-19,automatic-speech-recognition,47188956,7,3.3595
2026-06-19,time-series-forecasting,35503183,3,2.5276
2026-06-19,zero-shot-image-classification,34326146,2,2.4438
2026-06-19,image-classification,32770220,4,2.333
2026-06-19,text-to-speech,26869206,2,1.9129
2026-06-19,text-classification,23618396,2,1.6815
2026-06-19,audio-classification,17520660,1,1.2473
2026-06-19,voice-activity-detection,11023826,2,0.7848
2026-06-19,translation,6966755,1,0.496
2026-06-19,any-to-any,6192711,1,0.4409
2026-06-18,sentence-similarity,368237535,11,30.1356
2026-06-18,text-generation,181201134,23,14.829
2026-06-18,fill-mask,108005093,9,8.8389
2026-06-18,feature-extraction,102472753,8,8.3861
2026-06-18,image-text-to-text,90547765,15,7.4102
2026-06-18,unknown,85802129,7,7.0218
2026-06-18,text-ranking,68562031,1,5.6109
2026-06-18,automatic-speech-recognition,41887506,7,3.428
2026-06-18,image-classification,32738718,5,2.6793
2026-06-18,time-series-forecasting,31318406,3,2.563
2026-06-18,zero-shot-image-classification,30287375,2,2.4786
2026-06-18,text-to-speech,24474706,2,2.0029
2026-06-18,text-classification,24177693,3,1.9786
2026-06-18,audio-classification,15697539,1,1.2846
2026-06-18,voice-activity-detection,6230020,1,0.5098
2026-06-18,any-to-any,5541206,1,0.4535
2026-06-18,translation,4753143,1,0.389
2026-06-16,sentence-similarity,291041202,11,29.7401
2026-06-16,text-generation,143335921,23,14.6468
2026-06-16,fill-mask,98659300,9,10.0815
2026-06-16,feature-extraction,79935710,8,8.1682
2026-06-16,unknown,73270004,8,7.4871
2026-06-16,image-text-to-text,70317987,15,7.1855
2026-06-16,text-ranking,53054899,1,5.4214
2026-06-16,automatic-speech-recognition,32056581,7,3.2757
2026-06-16,image-classification,26534038,5,2.7114
2026-06-16,time-series-forecasting,25067046,3,2.5615
2026-06-16,zero-shot-image-classification,24318944,2,2.485
2026-06-16,text-to-speech,19054699,2,1.9471
2026-06-16,text-classification,16244070,2,1.6599
2026-06-16,audio-classification,12444697,1,1.2717
2026-06-16,voice-activity-detection,4870475,1,0.4977
2026-06-16,any-to-any,4383453,1,0.4479
2026-06-16,translation,4025923,1,0.4114
2026-06-15,sentence-similarity,286520117,11,29.7275
2026-06-15,text-generation,140893397,23,14.6182
2026-06-15,fill-mask,98191367,9,10.1877
2026-06-15,feature-extraction,78347204,8,8.1288
2026-06-15,unknown,74261354,8,7.7049
2026-06-15,image-text-to-text,69179337,15,7.1776
2026-06-15,text-ranking,52067168,1,5.4022
2026-06-15,automatic-speech-recognition,30603686,7,3.1752
2026-06-15,image-classification,25574582,5,2.6535
2026-06-15,time-series-forecasting,24747970,3,2.5677
2026-06-15,zero-shot-image-classification,24009657,2,2.4911
2026-06-15,text-to-speech,18641687,2,1.9341
2026-06-15,text-classification,15890692,2,1.6487
2026-06-15,audio-classification,12197039,1,1.2655
2026-06-15,voice-activity-detection,4778229,1,0.4958
2026-06-15,any-to-any,4271162,1,0.4431
2026-06-15,translation,3647740,1,0.3785
2026-06-14,sentence-similarity,281481640,11,29.603
2026-06-14,text-generation,139877198,23,14.7107
2026-06-14,fill-mask,100788870,10,10.5998
2026-06-14,feature-extraction,76416685,8,8.0366
2026-06-14,unknown,76266401,8,8.0208
2026-06-14,image-text-to-text,68260658,15,7.1789
2026-06-14,text-ranking,50765954,1,5.339
2026-06-14,automatic-speech-recognition,27324253,6,2.8737
2026-06-14,zero-shot-image-classification,24200123,2,2.5451
2026-06-14,time-series-forecasting,24078290,3,2.5323
2026-06-14,image-classification,23359715,5,2.4567
2026-06-14,text-to-speech,17899717,2,1.8825
2026-06-14,text-classification,15575978,2,1.6381
2026-06-14,audio-classification,12625186,1,1.3278
2026-06-14,voice-activity-detection,4779701,1,0.5027
2026-06-14,any-to-any,4166249,1,0.4382
2026-06-14,translation,2988250,1,0.3143
2026-06-13,sentence-similarity,280523191,11,29.4776
2026-06-13,text-generation,140384641,23,14.7517
2026-06-13,fill-mask,103791500,11,10.9065
2026-06-13,unknown,79517495,8,8.3558
2026-06-13,feature-extraction,75698107,8,7.9544
2026-06-13,image-text-to-text,68295157,15,7.1765
2026-06-13,text-ranking,50163982,1,5.2713
2026-06-13,time-series-forecasting,25361234,3,2.665
2026-06-13,zero-shot-image-classification,24445242,2,2.5687
2026-06-13,automatic-speech-recognition,24241913,5,2.5474
2026-06-13,image-classification,21664169,5,2.2765
2026-06-13,text-classification,17935033,3,1.8846
2026-06-13,text-to-speech,17375684,2,1.8259
2026-06-13,audio-classification,13255598,1,1.3929
2026-06-13,voice-activity-detection,4847164,1,0.5093
2026-06-13,any-to-any,4147436,1,0.4358
2026-06-12,sentence-similarity,383554634,11,29.7702
2026-06-12,text-generation,190394102,23,14.7778
2026-06-12,fill-mask,141221844,12,10.9612
2026-06-12,unknown,106584791,8,8.2728
2026-06-12,feature-extraction,103792405,8,8.056
2026-06-12,image-text-to-text,85071562,14,6.603
2026-06-12,text-ranking,70360452,1,5.4611
2026-06-12,time-series-forecasting,35516820,3,2.7567
2026-06-12,zero-shot-image-classification,33848513,2,2.6272
2026-06-12,automatic-speech-recognition,33497171,5,2.5999
2026-06-12,image-classification,26661917,5,2.0694
2026-06-12,text-classification,24469423,3,1.8992
2026-06-12,text-to-speech,23198306,2,1.8006
2026-06-12,audio-classification,17940209,1,1.3925
2026-06-12,voice-activity-detection,6631870,1,0.5147
2026-06-12,any-to-any,5638526,1,0.4376
2026-06-11,sentence-similarity,383855507,11,29.6183
2026-06-11,text-generation,196574687,25,15.1677
2026-06-11,fill-mask,137485732,11,10.6084
2026-06-11,unknown,104913782,7,8.0951
2026-06-11,feature-extraction,103258638,8,7.9674
2026-06-11,image-text-to-text,94832399,15,7.3173
2026-06-11,text-ranking,69800823,1,5.3858
2026-06-11,time-series-forecasting,36445423,3,2.8121
2026-06-11,zero-shot-image-classification,35122923,2,2.7101
2026-06-11,automatic-speech-recognition,33831227,5,2.6104
2026-06-11,text-classification,24337477,3,1.8779
2026-06-11,image-classification,22475643,4,1.7342
2026-06-11,text-to-speech,22256168,2,1.7173
2026-06-11,audio-classification,18196228,1,1.404
2026-06-11,voice-activity-detection,6923526,1,0.5342
2026-06-11,any-to-any,5699237,1,0.4398
2026-06-10,sentence-similarity,381042585,11,29.3887
2026-06-10,text-generation,197723575,25,15.2499
2026-06-10,fill-mask,137549921,11,10.6088
2026-06-10,unknown,106123292,7,8.185
2026-06-10,feature-extraction,101855749,8,7.8558
2026-06-10,image-text-to-text,96295673,15,7.427
2026-06-10,text-ranking,68646218,1,5.2945
2026-06-10,zero-shot-image-classification,37385290,2,2.8834
2026-06-10,time-series-forecasting,36441886,3,2.8107
2026-06-10,automatic-speech-recognition,33602119,5,2.5916
2026-06-10,text-classification,24278322,3,1.8725
2026-06-10,text-to-speech,22233074,2,1.7148
2026-06-10,image-classification,22096818,4,1.7043
2026-06-10,audio-classification,18662307,1,1.4394
2026-06-10,voice-activity-detection,6828506,1,0.5267
2026-06-10,any-to-any,5794628,1,0.4469
2026-06-09,sentence-similarity,392448883,11,29.6272
2026-06-09,text-generation,198516905,25,14.9866
2026-06-09,fill-mask,145322401,12,10.9708
2026-06-09,unknown,109434284,7,8.2615
2026-06-09,feature-extraction,104111867,8,7.8597
2026-06-09,image-text-to-text,92642510,14,6.9939
2026-06-09,text-ranking,70169753,1,5.2973
2026-06-09,zero-shot-image-classification,39505482,2,2.9824
2026-06-09,time-series-forecasting,36441886,3,2.7511
2026-06-09,automatic-speech-recognition,34307988,5,2.59
2026-06-09,text-classification,24531819,3,1.852
2026-06-09,image-classification,22843133,4,1.7245
2026-06-09,text-to-speech,22233074,2,1.6784
2026-06-09,audio-classification,19153838,1,1.446
2026-06-09,voice-activity-detection,7167354,1,0.5411
2026-06-09,any-to-any,5794628,1,0.4375
2026-06-08,sentence-similarity,426698811,11,29.6932
2026-06-08,text-generation,215305836,25,14.9828
2026-06-08,fill-mask,155401729,11,10.8141
2026-06-08,unknown,119619706,7,8.3241
2026-06-08,feature-extraction,112378850,8,7.8203
2026-06-08,image-text-to-text,103895919,15,7.2299
2026-06-08,text-ranking,75647134,1,5.2642
2026-06-08,zero-shot-image-classification,42702222,2,2.9716
2026-06-08,time-series-forecasting,38267585,3,2.663
2026-06-08,automatic-speech-recognition,36839363,5,2.5636
2026-06-08,text-classification,26475658,3,1.8424
2026-06-08,image-classification,25123494,4,1.7483
2026-06-08,text-to-speech,24019851,2,1.6715
2026-06-08,audio-classification,20536497,1,1.4291
2026-06-08,voice-activity-detection,7780707,1,0.5414
2026-06-08,any-to-any,6329606,1,0.4405
2026-06-07,sentence-similarity,428033790,11,29.6852
2026-06-07,text-generation,215396625,25,14.9383
2026-06-07,fill-mask,157559443,11,10.9271
2026-06-07,unknown,121415567,7,8.4205
2026-06-07,feature-extraction,111712863,8,7.7476
2026-06-07,image-text-to-text,103997596,15,7.2125
2026-06-07,text-ranking,74846984,1,5.1908
2026-06-07,zero-shot-image-classification,43102166,2,2.9892
2026-06-07,time-series-forecasting,37776524,3,2.6199
2026-06-07,automatic-speech-recognition,36847700,5,2.5555
2026-06-07,text-classification,26440622,3,1.8337
2026-06-07,image-classification,25493803,4,1.7681
2026-06-07,text-to-speech,24068569,2,1.6692
2026-06-07,audio-classification,20921440,1,1.451
2026-06-07,voice-activity-detection,7958905,1,0.552
2026-06-07,any-to-any,6336807,1,0.4395
2026-06-06,sentence-similarity,429535719,11,29.6521
2026-06-06,text-generation,216326017,25,14.9336
2026-06-06,fill-mask,159959130,11,11.0424
2026-06-06,unknown,122978863,7,8.4896
2026-06-06,feature-extraction,111161878,8,7.6738
2026-06-06,image-text-to-text,104678611,15,7.2263
2026-06-06,text-ranking,73986957,1,5.1075
2026-06-06,zero-shot-image-classification,44365249,2,3.0627
2026-06-06,time-series-forecasting,37515600,3,2.5898
2026-06-06,automatic-speech-recognition,36854665,5,2.5442
2026-06-06,text-classification,26310161,3,1.8163
2026-06-06,image-classification,25580204,4,1.7659
2026-06-06,text-to-speech,24016799,2,1.6579
2026-06-06,audio-classification,20822165,1,1.4374
2026-06-06,voice-activity-detection,8143456,1,0.5622
2026-06-06,any-to-any,6350116,1,0.4384
2026-06-05,sentence-similarity,429837278,11,29.6468
2026-06-05,text-generation,219995053,26,15.1735
2026-06-05,fill-mask,157026523,10,10.8305
2026-06-05,unknown,128184078,8,8.8411
2026-06-05,feature-extraction,106673949,7,7.3575
2026-06-05,image-text-to-text,104428137,15,7.2026
2026-06-05,text-ranking,72894614,1,5.0277
2026-06-05,zero-shot-image-classification,45501117,2,3.1383
2026-06-05,time-series-forecasting,37086169,3,2.5579
2026-06-05,automatic-speech-recognition,33003832,4,2.2763
2026-06-05,image-classification,29720130,5,2.0499
2026-06-05,text-classification,26076469,3,1.7986
2026-06-05,text-to-speech,23867001,2,1.6462
2026-06-05,audio-classification,20896841,1,1.4413
2026-06-05,voice-activity-detection,8296931,1,0.5723
2026-06-05,any-to-any,6371787,1,0.4395
2026-06-04,sentence-similarity,430914983,11,29.6448
2026-06-04,text-generation,219474509,26,15.0988
2026-06-04,fill-mask,158914693,10,10.9326
2026-06-04,unknown,129476005,8,8.9073
2026-06-04,feature-extraction,105753686,7,7.2753
2026-06-04,image-text-to-text,104320052,15,7.1767
2026-06-04,text-ranking,71963767,1,4.9508
2026-06-04,zero-shot-image-classification,46410165,2,3.1928
2026-06-04,time-series-forecasting,37064644,3,2.5499
2026-06-04,automatic-speech-recognition,33001020,4,2.2703
2026-06-04,image-classification,30351725,5,2.088
2026-06-04,text-classification,25944673,3,1.7849
2026-06-04,text-to-speech,23751681,2,1.634
2026-06-04,audio-classification,21501159,1,1.4792
2026-06-04,voice-activity-detection,8429588,1,0.5799
2026-06-04,any-to-any,6319606,1,0.4348
2026-06-03,sentence-similarity,432176693,11,29.6312
2026-06-03,text-generation,220532855,26,15.1203
2026-06-03,fill-mask,160612870,10,11.012
2026-06-03,unknown,130686448,8,8.9602
2026-06-03,feature-extraction,108982160,8,7.4721
2026-06-03,image-text-to-text,100090947,14,6.8625
2026-06-03,text-ranking,71259114,1,4.8857
2026-06-03,zero-shot-image-classification,47019845,2,3.2238
2026-06-03,time-series-forecasting,36935922,3,2.5324
2026-06-03,automatic-speech-recognition,33092153,4,2.2689
2026-06-03,image-classification,30726399,5,2.1067
2026-06-03,text-classification,25737670,3,1.7646
2026-06-03,text-to-speech,23625344,2,1.6198
2026-06-03,audio-classification,22202944,1,1.5223
2026-06-03,voice-activity-detection,8570380,1,0.5876
2026-06-03,any-to-any,6269098,1,0.4298
2026-06-02,sentence-similarity,432271226,11,29.6937
2026-06-02,text-generation,218488899,26,15.0085
2026-06-02,fill-mask,157286743,9,10.8044
2026-06-02,unknown,135643865,9,9.3177
2026-06-02,feature-extraction,108390588,8,7.4456
2026-06-02,image-text-to-text,98964380,14,6.7981
2026-06-02,text-ranking,70447631,1,4.8392
2026-06-02,zero-shot-image-classification,47475527,2,3.2612
2026-06-02,time-series-forecasting,36744287,3,2.524
2026-06-02,automatic-speech-recognition,33125086,4,2.2754
2026-06-02,image-classification,31061504,5,2.1337
2026-06-02,text-classification,25534554,3,1.754
2026-06-02,text-to-speech,23298402,2,1.6004
2026-06-02,audio-classification,22141050,1,1.5209
2026-06-02,voice-activity-detection,8639773,1,0.5935
2026-06-02,any-to-any,6254808,1,0.4297
2026-06-01,sentence-similarity,432211835,11,29.8034
2026-06-01,text-generation,214434527,26,14.7864
2026-06-01,fill-mask,161948222,10,11.1672
2026-06-01,unknown,136842688,9,9.4361
2026-06-01,feature-extraction,107584635,8,7.4186
2026-06-01,image-text-to-text,94125547,13,6.4905
2026-06-01,text-ranking,69585055,1,4.7983
2026-06-01,zero-shot-image-classification,47885165,2,3.3019
2026-06-01,time-series-forecasting,36140077,3,2.4921
2026-06-01,automatic-speech-recognition,33018062,4,2.2768
2026-06-01,image-classification,31685831,5,2.1849
2026-06-01,text-classification,25253403,3,1.7414
2026-06-01,text-to-speech,22541996,2,1.5544
2026-06-01,audio-classification,22064693,1,1.5215
2026-06-01,voice-activity-detection,8620745,1,0.5944
2026-06-01,any-to-any,6267630,1,0.4322
2026-05-31,sentence-similarity,433052394,11,29.8273
2026-05-31,text-generation,213517238,26,14.7064
2026-05-31,fill-mask,163878941,10,11.2875
2026-05-31,unknown,137650764,9,9.481
2026-05-31,feature-extraction,107084723,8,7.3757
2026-05-31,image-text-to-text,93679289,13,6.4523
2026-05-31,text-ranking,68776670,1,4.7371
2026-05-31,zero-shot-image-classification,48576553,2,3.3458
2026-05-31,time-series-forecasting,36108785,3,2.4871
2026-05-31,automatic-speech-recognition,33164043,4,2.2842
2026-05-31,image-classification,32183425,5,2.2167
2026-05-31,text-classification,25135617,3,1.7313
2026-05-31,text-to-speech,22422985,2,1.5444
2026-05-31,audio-classification,21563499,1,1.4852
2026-05-31,voice-activity-detection,8742235,1,0.6021
2026-05-31,any-to-any,6329337,1,0.4359
2026-05-30,sentence-similarity,433028284,11,29.8161
2026-05-30,text-generation,210011052,25,14.4603
2026-05-30,fill-mask,166018696,10,11.4312
2026-05-30,unknown,137597659,9,9.4743
2026-05-30,feature-extraction,106286519,8,7.3183
2026-05-30,image-text-to-text,92858411,13,6.3937
2026-05-30,text-ranking,67796220,1,4.6681
2026-05-30,zero-shot-image-classification,49191531,2,3.3871
2026-05-30,time-series-forecasting,40417554,4,2.7829
2026-05-30,automatic-speech-recognition,33226101,4,2.2878
2026-05-30,image-classification,32830609,5,2.2605
2026-05-30,text-classification,24941222,3,1.7173
2026-05-30,text-to-speech,22141102,2,1.5245
2026-05-30,audio-classification,20816700,1,1.4333
2026-05-30,voice-activity-detection,8825834,1,0.6077
2026-05-30,any-to-any,6345067,1,0.4369
2026-05-29,sentence-similarity,432224879,11,29.8419
2026-05-29,text-generation,208958415,25,14.427
2026-05-29,fill-mask,166553732,10,11.4993
2026-05-29,unknown,137967065,9,9.5256
2026-05-29,feature-extraction,105493466,8,7.2835
2026-05-29,image-text-to-text,91525231,13,6.3191
2026-05-29,text-ranking,66682998,1,4.604
2026-05-29,zero-shot-image-classification,49408236,2,3.4113
2026-05-29,time-series-forecasting,40270977,4,2.7804
2026-05-29,image-classification,33476174,5,2.3113
2026-05-29,automatic-speech-recognition,33116259,4,2.2864
2026-05-29,text-classification,24718763,3,1.7066
2026-05-29,text-to-speech,21797383,2,1.5049
2026-05-29,audio-classification,20947294,1,1.4463
2026-05-29,voice-activity-detection,8905834,1,0.6149
2026-05-29,any-to-any,6335289,1,0.4374
2026-05-28,sentence-similarity,432573571,11,29.7385
2026-05-28,text-generation,212791225,26,14.6289
2026-05-28,fill-mask,164798527,9,11.3295
2026-05-28,unknown,138814991,9,9.5432
2026-05-28,feature-extraction,100702634,7,6.9231
2026-05-28,image-text-to-text,99718171,14,6.8554
2026-05-28,text-ranking,65671557,1,4.5148
2026-05-28,zero-shot-image-classification,49248378,2,3.3857
2026-05-28,time-series-forecasting,40904254,4,2.8121
2026-05-28,image-classification,34211277,5,2.3519
2026-05-28,automatic-speech-recognition,33125002,4,2.2773
2026-05-28,text-classification,24578734,3,1.6897
2026-05-28,text-to-speech,21342831,2,1.4673
2026-05-28,audio-classification,20823319,1,1.4316
2026-05-28,voice-activity-detection,8997782,1,0.6186
2026-05-28,any-to-any,6290370,1,0.4324
2026-05-27,sentence-similarity,432170980,11,29.4972
2026-05-27,text-generation,212021322,26,14.4712
2026-05-27,fill-mask,166267167,9,11.3483
2026-05-27,unknown,138933705,9,9.4827
2026-05-27,image-text-to-text,111493663,14,7.6098
2026-05-27,feature-extraction,99608367,7,6.7986
2026-05-27,text-ranking,64538908,1,4.405
2026-05-27,zero-shot-image-classification,49328370,2,3.3668
2026-05-27,time-series-forecasting,41560908,4,2.8367
2026-05-27,image-classification,34465738,5,2.3524
2026-05-27,automatic-speech-recognition,33241346,4,2.2688
2026-05-27,text-classification,24404468,3,1.6657
2026-05-27,audio-classification,20852206,1,1.4232
2026-05-27,text-to-speech,20793209,2,1.4192
2026-05-27,voice-activity-detection,9117096,1,0.6223
2026-05-27,any-to-any,6327995,1,0.4319
2026-05-25,sentence-similarity,419737439,9,28.4124
2026-05-25,text-generation,202899121,25,13.7344
2026-05-25,fill-mask,166908976,9,11.2982
2026-05-25,unknown,142211375,10,9.6264
2026-05-25,image-text-to-text,135152435,14,9.1486
2026-05-25,feature-extraction,97093701,7,6.5723
2026-05-25,text-ranking,62057602,1,4.2007
2026-05-25,zero-shot-image-classification,55470266,3,3.7548
2026-05-25,time-series-forecasting,42893665,4,2.9035
2026-05-25,image-classification,34457150,5,2.3324
2026-05-25,automatic-speech-recognition,33212959,4,2.2482
2026-05-25,text-classification,23868810,3,1.6157
2026-05-25,audio-classification,20936146,1,1.4172
2026-05-25,text-to-speech,20583146,2,1.3933
2026-05-25,voice-activity-detection,9222261,1,0.6243
2026-05-25,any-to-any,6246093,1,0.4228
2026-05-25,image-feature-extraction,4354618,1,0.2948
2026-05-24,sentence-similarity,422117020,10,28.3981
2026-05-24,text-generation,197264561,24,13.271
2026-05-24,fill-mask,167340784,9,11.2579
2026-05-24,image-text-to-text,147736884,14,9.9391
2026-05-24,unknown,141903579,10,9.5466
2026-05-24,feature-extraction,96077369,7,6.4636
2026-05-24,text-ranking,60924049,1,4.0987
2026-05-24,zero-shot-image-classification,57391375,3,3.861
2026-05-24,time-series-forecasting,42564150,4,2.8635
2026-05-24,image-classification,34961792,5,2.3521
2026-05-24,automatic-speech-recognition,33311312,4,2.241
2026-05-24,text-classification,23608079,3,1.5882
2026-05-24,audio-classification,20976046,1,1.4112
2026-05-24,text-to-speech,20269059,2,1.3636
2026-05-24,voice-activity-detection,9410234,1,0.6331
2026-05-24,any-to-any,6235821,1,0.4195
2026-05-24,image-feature-extraction,4336050,1,0.2917
2026-05-23,sentence-similarity,422192264,10,28.1983
2026-05-23,text-generation,196234535,24,13.1065
2026-05-23,fill-mask,167606711,9,11.1945
2026-05-23,image-text-to-text,160744986,14,10.7362
2026-05-23,unknown,141370575,10,9.4422
2026-05-23,feature-extraction,95298683,7,6.365
2026-05-23,text-ranking,59815822,1,3.9951
2026-05-23,zero-shot-image-classification,57889257,3,3.8664
2026-05-23,time-series-forecasting,42555433,4,2.8423
2026-05-23,image-classification,35328826,5,2.3596
2026-05-23,automatic-speech-recognition,33430995,4,2.2329
2026-05-23,text-classification,23610186,3,1.5769
2026-05-23,audio-classification,20893273,1,1.3955
2026-05-23,text-to-speech,19929612,2,1.3311
2026-05-23,voice-activity-detection,9591547,1,0.6406
2026-05-23,any-to-any,6251996,1,0.4176
2026-05-23,image-feature-extraction,4481477,1,0.2993
2026-05-22,sentence-similarity,422286214,10,28.0126
2026-05-22,text-generation,194656833,24,12.9127
2026-05-22,image-text-to-text,173980925,14,11.5411
2026-05-22,fill-mask,166515508,9,11.0459
2026-05-22,unknown,141348470,10,9.3764
2026-05-22,feature-extraction,94439771,7,6.2647
2026-05-22,text-ranking,58885551,1,3.9062
2026-05-22,zero-shot-image-classification,58634088,3,3.8895
2026-05-22,time-series-forecasting,43038121,4,2.855
2026-05-22,image-classification,36208974,5,2.4019
2026-05-22,automatic-speech-recognition,33541567,4,2.225
2026-05-22,text-classification,23499448,3,1.5589
2026-05-22,audio-classification,20521489,1,1.3613
2026-05-22,text-to-speech,19590133,2,1.2995
2026-05-22,voice-activity-detection,9734596,1,0.6458
2026-05-22,any-to-any,6280781,1,0.4166
2026-05-22,image-feature-extraction,4323383,1,0.2868
2026-05-21,sentence-similarity,421122037,10,27.8119
2026-05-21,image-text-to-text,189328350,15,12.5037
2026-05-21,text-generation,185485574,22,12.2499
2026-05-21,fill-mask,166118108,9,10.9708
2026-05-21,unknown,141124326,10,9.3202
2026-05-21,feature-extraction,93497234,7,6.1748
2026-05-21,zero-shot-image-classification,59272447,3,3.9145
2026-05-21,text-ranking,58051810,1,3.8339
2026-05-21,time-series-forecasting,43711057,4,2.8868
2026-05-21,automatic-speech-recognition,37360553,5,2.4674
2026-05-21,image-classification,36387584,5,2.4031
2026-05-21,text-classification,23276072,3,1.5372
2026-05-21,audio-classification,19894764,1,1.3139
2026-05-21,text-to-speech,19189933,2,1.2673
2026-05-21,voice-activity-detection,9862830,1,0.6514
2026-05-21,any-to-any,6273517,1,0.4143
2026-05-21,image-feature-extraction,4223714,1,0.2789
2026-05-20,sentence-similarity,420100780,10,27.6084
2026-05-20,image-text-to-text,202704020,15,13.3214
2026-05-20,text-generation,182284618,22,11.9795
2026-05-20,fill-mask,165831005,9,10.8982
2026-05-20,unknown,140119652,10,9.2084
2026-05-20,feature-extraction,92787643,7,6.0979
2026-05-20,zero-shot-image-classification,60251766,3,3.9597
2026-05-20,text-ranking,57198263,1,3.759
2026-05-20,time-series-forecasting,47587630,5,3.1274
2026-05-20,automatic-speech-recognition,37416745,5,2.459
2026-05-20,image-classification,33286349,4,2.1875
2026-05-20,text-classification,23039319,3,1.5141
2026-05-20,audio-classification,20135801,1,1.3233
2026-05-20,text-to-speech,18486588,2,1.2149
2026-05-20,voice-activity-detection,9953268,1,0.6541
2026-05-20,any-to-any,6264233,1,0.4117
2026-05-20,image-feature-extraction,4195447,1,0.2757
2026-05-19,sentence-similarity,420124345,10,27.5269
2026-05-19,image-text-to-text,203168636,14,13.3118
2026-05-19,text-generation,180085077,22,11.7993
2026-05-19,fill-mask,166191891,9,10.889
2026-05-19,unknown,138963801,10,9.105
2026-05-19,feature-extraction,92169643,7,6.039
2026-05-19,zero-shot-image-classification,60618591,3,3.9718
2026-05-19,text-ranking,56250274,1,3.6856
2026-05-19,time-series-forecasting,47973835,5,3.1433
2026-05-19,automatic-speech-recognition,37423807,5,2.452
2026-05-19,image-classification,34106766,4,2.2347
2026-05-19,text-classification,22872378,3,1.4986
2026-05-19,audio-classification,20500168,1,1.3432
2026-05-19,text-to-speech,18340755,2,1.2017
2026-05-19,voice-activity-detection,10007308,1,0.6557
2026-05-19,image-to-text,7049600,1,0.4619
2026-05-19,any-to-any,6220319,1,0.4076
2026-05-19,image-feature-extraction,4167078,1,0.273
2026-05-18,sentence-similarity,417206035,10,27.3272
2026-05-18,image-text-to-text,215505213,14,14.1157
2026-05-18,text-generation,173387565,21,11.357
2026-05-18,fill-mask,164636268,9,10.7838
2026-05-18,unknown,141415179,11,9.2628
2026-05-18,feature-extraction,91290608,7,5.9796
2026-05-18,zero-shot-image-classification,60833611,3,3.9846
2026-05-18,text-ranking,55108223,1,3.6096
2026-05-18,time-series-forecasting,47189571,5,3.0909
2026-05-18,automatic-speech-recognition,37270324,5,2.4412
2026-05-18,image-classification,34460229,4,2.2572
2026-05-18,text-classification,22719025,3,1.4881
2026-05-18,audio-classification,20227390,1,1.3249
2026-05-18,text-to-speech,18265835,2,1.1964
2026-05-18,voice-activity-detection,9993219,1,0.6546
2026-05-18,image-to-text,7101349,1,0.4651
2026-05-18,any-to-any,6152438,1,0.403
2026-05-18,image-feature-extraction,3942395,1,0.2582
2026-05-17,sentence-similarity,420532981,11,27.3862
2026-05-17,image-text-to-text,223715551,13,14.569
2026-05-17,text-generation,172667319,21,11.2446
2026-05-17,fill-mask,162359500,9,10.5733
2026-05-17,unknown,137082323,10,8.9272
2026-05-17,feature-extraction,90747458,7,5.9097
2026-05-17,zero-shot-image-classification,62046792,3,4.0407
2026-05-17,text-ranking,54165137,1,3.5274
2026-05-17,time-series-forecasting,47218291,5,3.075
2026-05-17,automatic-speech-recognition,37488012,5,2.4413
2026-05-17,image-classification,34936084,4,2.2751
2026-05-17,text-classification,22592261,3,1.4713
2026-05-17,audio-classification,20497495,1,1.3349
2026-05-17,text-to-speech,18270826,2,1.1898
2026-05-17,voice-activity-detection,14055527,2,0.9153
2026-05-17,image-to-text,7171486,1,0.467
2026-05-17,any-to-any,6107009,1,0.3977
2026-05-17,image-feature-extraction,3908893,1,0.2546
2026-05-16,sentence-similarity,420867899,11,27.2452
2026-05-16,image-text-to-text,227851021,12,14.7501
2026-05-16,text-generation,174022254,21,11.2655
2026-05-16,fill-mask,161450224,9,10.4516
2026-05-16,unknown,135900275,10,8.7976
2026-05-16,feature-extraction,90140596,7,5.8353
2026-05-16,zero-shot-image-classification,63174253,3,4.0896
2026-05-16,text-ranking,53148443,1,3.4406
2026-05-16,time-series-forecasting,47812116,5,3.0952
2026-05-16,automatic-speech-recognition,41343287,6,2.6764
2026-05-16,image-classification,35998425,4,2.3304
2026-05-16,text-classification,22437587,3,1.4525
2026-05-16,audio-classification,20625540,1,1.3352
2026-05-16,text-to-speech,18250644,2,1.1815
2026-05-16,voice-activity-detection,14537094,2,0.9411
2026-05-16,image-to-text,7257842,1,0.4698
2026-05-16,any-to-any,6096959,1,0.3947
2026-05-16,image-feature-extraction,3826356,1,0.2477
2026-05-15,sentence-similarity,420254904,11,27.0877
2026-05-15,image-text-to-text,241050745,12,15.537
2026-05-15,text-generation,174259322,21,11.232
2026-05-15,fill-mask,159447171,9,10.2772
2026-05-15,unknown,133966034,10,8.6348
2026-05-15,feature-extraction,89284325,7,5.7549
2026-05-15,zero-shot-image-classification,63704931,3,4.1061
2026-05-15,text-ranking,52069538,1,3.3562
2026-05-15,time-series-forecasting,45559545,5,2.9366
2026-05-15,automatic-speech-recognition,41458195,6,2.6722
2026-05-15,image-classification,37649072,4,2.4267
2026-05-15,text-classification,22133522,3,1.4266
2026-05-15,audio-classification,20239223,1,1.3045
2026-05-15,text-to-speech,18371688,2,1.1842
2026-05-15,voice-activity-detection,14774785,2,0.9523
2026-05-15,image-to-text,7433858,1,0.4792
2026-05-15,any-to-any,6038729,1,0.3892
2026-05-15,image-feature-extraction,3762251,1,0.2425
2026-05-14,sentence-similarity,414931128,10,26.6837
2026-05-14,image-text-to-text,253520176,12,16.3036
2026-05-14,text-generation,172597193,21,11.0995
2026-05-14,fill-mask,158566331,9,10.1972
2026-05-14,unknown,136111379,11,8.7532
2026-05-14,feature-extraction,88226507,7,5.6737
2026-05-14,zero-shot-image-classification,63343250,3,4.0735
2026-05-14,text-ranking,50880509,1,3.2721
2026-05-14,time-series-forecasting,43331430,5,2.7866
2026-05-14,automatic-speech-recognition,41584547,6,2.6743
2026-05-14,image-classification,39240954,4,2.5235
2026-05-14,text-classification,21793876,3,1.4015
2026-05-14,audio-classification,20255799,1,1.3026
2026-05-14,text-to-speech,18341723,2,1.1795
2026-05-14,voice-activity-detection,15003855,2,0.9649
2026-05-14,image-to-text,7570936,1,0.4869
2026-05-14,any-to-any,5961262,1,0.3834
2026-05-14,image-feature-extraction,3734831,1,0.2402
2026-05-13,sentence-similarity,412559904,10,26.5899
2026-05-13,image-text-to-text,252510152,12,16.2745
2026-05-13,text-generation,170179665,20,10.9683
2026-05-13,fill-mask,158330990,9,10.2046
2026-05-13,unknown,138145378,11,8.9036
2026-05-13,feature-extraction,87185396,7,5.6192
2026-05-13,zero-shot-image-classification,62488380,3,4.0274
2026-05-13,text-ranking,49570967,1,3.1949
2026-05-13,automatic-speech-recognition,44914327,7,2.8948
2026-05-13,time-series-forecasting,41698180,5,2.6875
2026-05-13,image-classification,41676353,4,2.6861
2026-05-13,text-classification,21560600,3,1.3896
2026-05-13,audio-classification,20066807,1,1.2933
2026-05-13,text-to-speech,18321245,2,1.1808
2026-05-13,voice-activity-detection,15095577,2,0.9729
2026-05-13,image-to-text,7745534,1,0.4992
2026-05-13,any-to-any,5857853,1,0.3775
2026-05-13,image-feature-extraction,3657663,1,0.2357
2026-05-12,sentence-similarity,408789649,10,26.4725
2026-05-12,image-text-to-text,247518785,11,16.0289
2026-05-12,text-generation,173575345,20,11.2404
2026-05-12,fill-mask,157260348,9,10.1839
2026-05-12,unknown,140796876,12,9.1178
2026-05-12,feature-extraction,85755190,7,5.5534
2026-05-12,zero-shot-image-classification,60201916,3,3.8986
2026-05-12,text-ranking,48169217,1,3.1194
2026-05-12,automatic-speech-recognition,47996821,8,3.1082
2026-05-12,image-classification,43251029,4,2.8009
2026-05-12,time-series-forecasting,42806549,5,2.7721
2026-05-12,text-classification,21377979,3,1.3844
2026-05-12,audio-classification,19865441,1,1.2865
2026-05-12,text-to-speech,18248301,2,1.1817
2026-05-12,voice-activity-detection,15010893,2,0.9721
2026-05-12,image-to-text,7916295,1,0.5126
2026-05-12,any-to-any,5663281,1,0.3667
2026-05-11,sentence-similarity,405035527,10,26.3928
2026-05-11,image-text-to-text,250939789,12,16.3517
2026-05-11,text-generation,173012709,20,11.2738
2026-05-11,fill-mask,155931304,9,10.1608
2026-05-11,unknown,136206404,11,8.8754
2026-05-11,feature-extraction,84474338,7,5.5045
2026-05-11,zero-shot-image-classification,59131396,3,3.8531
2026-05-11,text-ranking,46870445,1,3.0542
2026-05-11,image-classification,45054948,4,2.9359
2026-05-11,automatic-speech-recognition,44054253,7,2.8707
2026-05-11,time-series-forecasting,42791424,5,2.7884
2026-05-11,text-classification,24702874,4,1.6097
2026-05-11,audio-classification,20041593,1,1.3059
2026-05-11,text-to-speech,17965666,2,1.1707
2026-05-11,voice-activity-detection,14851261,2,0.9677
2026-05-11,image-to-text,7916295,1,0.5158
2026-05-11,any-to-any,5663281,1,0.369
2026-05-10,sentence-similarity,403323703,10,26.2867
2026-05-10,image-text-to-text,246473755,11,16.064
2026-05-10,text-generation,174574430,20,11.3779
2026-05-10,fill-mask,155378368,9,10.1268
2026-05-10,unknown,136538185,11,8.8989
2026-05-10,feature-extraction,83585913,7,5.4477
2026-05-10,zero-shot-image-classification,59056801,3,3.849
2026-05-10,automatic-speech-recognition,47708086,8,3.1094
2026-05-10,image-classification,46556502,4,3.0343
2026-05-10,text-ranking,45928464,1,2.9934
2026-05-10,time-series-forecasting,43942859,5,2.864
2026-05-10,text-classification,24681216,4,1.6086
2026-05-10,audio-classification,20210698,1,1.3172
2026-05-10,text-to-speech,17809142,2,1.1607
2026-05-10,voice-activity-detection,14955553,2,0.9747
2026-05-10,image-to-text,8014500,1,0.5223
2026-05-10,any-to-any,5585425,1,0.364
2026-05-09,sentence-similarity,398593977,9,25.9236
2026-05-09,image-text-to-text,245897890,11,15.9926
2026-05-09,text-generation,178793733,21,11.6283
2026-05-09,fill-mask,155094896,9,10.087
2026-05-09,unknown,138128160,11,8.9835
2026-05-09,feature-extraction,83058700,7,5.4019
2026-05-09,zero-shot-image-classification,60292785,3,3.9213
2026-05-09,image-classification,48403700,4,3.1481
2026-05-09,automatic-speech-recognition,48055826,8,3.1254
2026-05-09,text-ranking,45178614,1,2.9383
2026-05-09,time-series-forecasting,44833041,5,2.9158
2026-05-09,text-classification,24601408,4,1.6
2026-05-09,audio-classification,20263891,1,1.3179
2026-05-09,text-to-speech,17632750,2,1.1468
2026-05-09,voice-activity-detection,15085159,2,0.9811
2026-05-09,image-to-text,8075703,1,0.5252
2026-05-09,any-to-any,5581069,1,0.363
2026-05-08,sentence-similarity,395784455,9,25.7391
2026-05-08,image-text-to-text,245393352,11,15.9587
2026-05-08,text-generation,179624239,21,11.6815
2026-05-08,fill-mask,154091633,9,10.0211
2026-05-08,unknown,140538028,11,9.1396
2026-05-08,feature-extraction,82233283,7,5.3479
2026-05-08,zero-shot-image-classification,60802298,3,3.9542
2026-05-08,image-classification,50365678,4,3.2754
2026-05-08,time-series-forecasting,45584070,5,2.9645
2026-05-08,automatic-speech-recognition,44836634,7,2.9159
2026-05-08,text-ranking,44197953,1,2.8743
2026-05-08,text-classification,24379453,4,1.5855
2026-05-08,audio-classification,20114501,1,1.3081
2026-05-08,text-to-speech,17495298,2,1.1378
2026-05-08,voice-activity-detection,15078752,2,0.9806
2026-05-08,any-to-any,8995918,2,0.585
2026-05-08,image-to-text,8160550,1,0.5307
2026-05-07,sentence-similarity,391683336,9,25.5667
2026-05-07,image-text-to-text,244756197,11,15.9762
2026-05-07,text-generation,179329907,21,11.7056
2026-05-07,fill-mask,153225465,9,10.0016
2026-05-07,unknown,145132949,12,9.4734
2026-05-07,feature-extraction,80951004,7,5.284
2026-05-07,zero-shot-image-classification,60481833,3,3.9479
2026-05-07,image-classification,52459528,4,3.4242
2026-05-07,time-series-forecasting,46038171,5,3.0051
2026-05-07,automatic-speech-recognition,45146382,7,2.9469
2026-05-07,text-ranking,42948392,1,2.8034
2026-05-07,text-classification,24071746,4,1.5713
2026-05-07,audio-classification,19633545,1,1.2816
2026-05-07,text-to-speech,17339075,2,1.1318
2026-05-07,voice-activity-detection,15089316,2,0.9849
2026-05-07,image-to-text,8222237,1,0.5367
2026-05-07,any-to-any,5494056,1,0.3586
2026-05-06,sentence-similarity,386464207,9,25.408
2026-05-06,image-text-to-text,240370259,10,15.8031
2026-05-06,text-generation,178211261,21,11.7165
2026-05-06,fill-mask,150861565,9,9.9184
2026-05-06,unknown,144898392,12,9.5263
2026-05-06,feature-extraction,76424369,6,5.0245
2026-05-06,zero-shot-image-classification,60584215,3,3.9831
2026-05-06,image-classification,54219006,4,3.5646
2026-05-06,time-series-forecasting,46708367,5,3.0708
2026-05-06,automatic-speech-recognition,45152747,7,2.9686
2026-05-06,text-ranking,41549281,1,2.7316
2026-05-06,text-classification,27164307,5,1.7859
2026-05-06,audio-classification,19030256,1,1.2511
2026-05-06,text-to-speech,17230441,2,1.1328
2026-05-06,voice-activity-detection,14945968,2,0.9826
2026-05-06,image-to-text,8328134,1,0.5475
2026-05-06,any-to-any,5455888,1,0.3587
2026-05-06,image-feature-extraction,3435208,1,0.2258
2026-05-05,sentence-similarity,381266535,9,25.3003
2026-05-05,image-text-to-text,239386674,10,15.8854
2026-05-05,text-generation,175370819,21,11.6374
2026-05-05,fill-mask,148755098,9,9.8712
2026-05-05,unknown,147794006,13,9.8074
2026-05-05,feature-extraction,75139084,6,4.9861
2026-05-05,zero-shot-image-classification,60524373,3,4.0163
2026-05-05,image-classification,58708689,5,3.8958
2026-05-05,time-series-forecasting,47412572,5,3.1462
2026-05-05,automatic-speech-recognition,44902598,7,2.9797
2026-05-05,text-ranking,40186774,1,2.6667
2026-05-05,text-classification,23588295,4,1.5653
2026-05-05,audio-classification,18153697,1,1.2047
2026-05-05,text-to-speech,17189184,2,1.1407
2026-05-05,voice-activity-detection,14799415,2,0.9821
2026-05-05,image-to-text,8366555,1,0.5552
2026-05-05,any-to-any,5417403,1,0.3595
2026-05-04,sentence-similarity,375893509,9,25.1514
2026-05-04,image-text-to-text,238581045,10,15.9637
2026-05-04,text-generation,173308917,21,11.5963
2026-05-04,fill-mask,148199296,9,9.9162
2026-05-04,unknown,147167659,13,9.8471
2026-05-04,feature-extraction,73751360,6,4.9348
2026-05-04,zero-shot-image-classification,60583961,3,4.0537
2026-05-04,image-classification,59902556,5,4.0081
2026-05-04,time-series-forecasting,47192708,5,3.1577
2026-05-04,automatic-speech-recognition,44429928,7,2.9728
2026-05-04,text-ranking,38797946,1,2.596
2026-05-04,text-classification,23262668,4,1.5565
2026-05-04,audio-classification,17677186,1,1.1828
2026-05-04,text-to-speech,17383500,2,1.1631
2026-05-04,voice-activity-detection,14700497,2,0.9836
2026-05-04,image-to-text,8350258,1,0.5587
2026-05-04,any-to-any,5340664,1,0.3573
2026-05-03,sentence-similarity,371692426,9,24.9775
2026-05-03,image-text-to-text,241551192,11,16.2321
2026-05-03,text-generation,174254002,21,11.7098
2026-05-03,fill-mask,146997994,9,9.8782
2026-05-03,unknown,146552806,13,9.8483
2026-05-03,feature-extraction,72649938,6,4.882
2026-05-03,zero-shot-image-classification,61405750,3,4.1264
2026-05-03,image-classification,61090421,5,4.1052
2026-05-03,time-series-forecasting,47406947,5,3.1857
2026-05-03,automatic-speech-recognition,44428180,7,2.9855
2026-05-03,text-ranking,37531922,1,2.5221
2026-05-03,text-classification,19705637,3,1.3242
2026-05-03,text-to-speech,17250645,2,1.1592
2026-05-03,audio-classification,17203859,1,1.1561
2026-05-03,voice-activity-detection,14814575,2,0.9955
2026-05-03,image-to-text,8358592,1,0.5617
2026-05-03,any-to-any,5214452,1,0.3504
2026-05-02,sentence-similarity,368440079,9,24.8013
2026-05-02,image-text-to-text,241034267,11,16.2251
2026-05-02,text-generation,179248314,22,12.066
2026-05-02,fill-mask,147397355,9,9.922
2026-05-02,unknown,142519940,12,9.5936
2026-05-02,feature-extraction,71670495,6,4.8245
2026-05-02,zero-shot-image-classification,62530049,3,4.2092
2026-05-02,image-classification,61637824,5,4.1491
2026-05-02,time-series-forecasting,47793977,5,3.2172
2026-05-02,automatic-speech-recognition,44506223,7,2.9959
2026-05-02,text-ranking,36398462,1,2.4501
2026-05-02,audio-classification,17221634,1,1.1593
2026-05-02,text-to-speech,17139109,2,1.1537
2026-05-02,text-classification,16202841,2,1.0907
2026-05-02,voice-activity-detection,14909458,2,1.0036
2026-05-02,image-to-text,8406601,1,0.5659
2026-05-02,any-to-any,5045802,1,0.3397
2026-05-02,object-detection,3463448,1,0.2331
2026-05-01,sentence-similarity,365820484,9,24.6595
2026-05-01,image-text-to-text,244143561,12,16.4574
2026-05-01,text-generation,176963315,21,11.9289
2026-05-01,fill-mask,143344841,8,9.6627
2026-05-01,unknown,142156229,12,9.5826
2026-05-01,feature-extraction,70757046,6,4.7696
2026-05-01,zero-shot-image-classification,62931052,3,4.2421
2026-05-01,image-classification,62533163,5,4.2153
2026-05-01,time-series-forecasting,48598672,5,3.276
2026-05-01,automatic-speech-recognition,44533398,7,3.0019
2026-05-01,text-ranking,35296992,1,2.3793
2026-05-01,audio-classification,17741659,1,1.1959
2026-05-01,text-to-speech,17114818,2,1.1537
2026-05-01,text-classification,16127663,2,1.0871
2026-05-01,voice-activity-detection,15034462,2,1.0135
2026-05-01,image-to-text,8431142,1,0.5683
2026-05-01,any-to-any,4832094,1,0.3257
2026-05-01,image-feature-extraction,3592596,1,0.2422
2026-05-01,object-detection,3531909,1,0.2381
2026-04-30,sentence-similarity,360847849,9,24.4852
2026-04-30,image-text-to-text,239102632,11,16.2242
2026-04-30,text-generation,176373549,21,11.9677
2026-04-30,fill-mask,142258964,8,9.6529
2026-04-30,unknown,138370669,11,9.3891
2026-04-30,feature-extraction,72672829,7,4.9312
2026-04-30,zero-shot-image-classification,63785201,3,4.3281
2026-04-30,image-classification,62787653,5,4.2604
2026-04-30,time-series-forecasting,48862627,5,3.3156
2026-04-30,automatic-speech-recognition,40765065,6,2.7661
2026-04-30,text-ranking,33947831,1,2.3035
2026-04-30,text-classification,19415060,3,1.3174
2026-04-30,audio-classification,17391265,1,1.1801
2026-04-30,text-to-speech,17113258,2,1.1612
2026-04-30,voice-activity-detection,15095181,2,1.0243
2026-04-30,image-feature-extraction,8440884,2,0.5728
2026-04-30,image-to-text,8365677,1,0.5676
2026-04-30,any-to-any,4553583,1,0.309
2026-04-30,object-detection,3590691,1,0.2436
2026-04-29,sentence-similarity,348291475,9,24.708
2026-04-29,image-text-to-text,216395958,11,15.3512
2026-04-29,text-generation,166215438,20,11.7914
2026-04-29,fill-mask,136883851,8,9.7106
2026-04-29,unknown,135318948,11,9.5996
2026-04-29,feature-extraction,69937109,7,4.9614
2026-04-29,zero-shot-image-classification,62654850,3,4.4448
2026-04-29,image-classification,61679535,5,4.3756
2026-04-29,time-series-forecasting,46170007,5,3.2753
2026-04-29,automatic-speech-recognition,42795442,7,3.0359
2026-04-29,text-ranking,32335328,1,2.2939
2026-04-29,text-classification,18685218,3,1.3255
2026-04-29,audio-classification,16755982,1,1.1887
2026-04-29,text-to-speech,16699908,2,1.1847
2026-04-29,voice-activity-detection,14695791,2,1.0425
2026-04-29,image-feature-extraction,8478098,2,0.6014
2026-04-29,image-to-text,8042349,1,0.5705
2026-04-29,any-to-any,4040361,1,0.2866
2026-04-29,object-detection,3555753,1,0.2522
2026-04-28,sentence-similarity,344089320,9,24.5917
2026-04-28,image-text-to-text,216377106,11,15.4642
2026-04-28,text-generation,165102581,20,11.7997
2026-04-28,fill-mask,135803742,8,9.7057
2026-04-28,unknown,134237866,11,9.5938
2026-04-28,feature-extraction,68543642,7,4.8987
2026-04-28,zero-shot-image-classification,62598461,3,4.4738
2026-04-28,image-classification,62232366,5,4.4477
2026-04-28,time-series-forecasting,46170007,5,3.2997
2026-04-28,automatic-speech-recognition,42258418,7,3.0202
2026-04-28,text-ranking,31222158,1,2.2314
2026-04-28,text-classification,18268028,3,1.3056
2026-04-28,text-to-speech,16675542,2,1.1918
2026-04-28,audio-classification,16542281,1,1.1823
2026-04-28,voice-activity-detection,14611924,2,1.0443
2026-04-28,image-feature-extraction,8788766,2,0.6281
2026-04-28,image-to-text,8042349,1,0.5748
2026-04-28,any-to-any,4040361,1,0.2888
2026-04-28,object-detection,3606132,1,0.2577
2026-04-27,sentence-similarity,341912977,9,24.6892
2026-04-27,image-text-to-text,201345755,10,14.539
2026-04-27,text-generation,164130943,20,11.8518
2026-04-27,unknown,138009911,12,9.9656
2026-04-27,fill-mask,136509498,8,9.8572
2026-04-27,feature-extraction,67603315,7,4.8816
2026-04-27,image-classification,63575025,5,4.5907
2026-04-27,zero-shot-image-classification,63336530,3,4.5735
2026-04-27,time-series-forecasting,45335450,5,3.2736
2026-04-27,automatic-speech-recognition,42058698,7,3.037
2026-04-27,text-ranking,30477402,1,2.2007
2026-04-27,text-classification,18046653,3,1.3031
2026-04-27,text-to-speech,16852104,2,1.2169
2026-04-27,audio-classification,16708875,1,1.2065
2026-04-27,voice-activity-detection,14611472,2,1.0551
2026-04-27,image-feature-extraction,8852426,2,0.6392
2026-04-27,image-to-text,8039846,1,0.5806
2026-04-27,any-to-any,3852537,1,0.2782
2026-04-27,object-detection,3607041,1,0.2605
2026-04-26,sentence-similarity,339151002,9,24.8461
2026-04-26,image-text-to-text,190995860,11,13.9923
2026-04-26,text-generation,163683072,20,11.9914
2026-04-26,unknown,138587543,12,10.1529
2026-04-26,fill-mask,137127662,8,10.0459
2026-04-26,feature-extraction,66631989,7,4.8814
2026-04-26,image-classification,65322432,5,4.7855
2026-04-26,zero-shot-image-classification,61556102,3,4.5096
2026-04-26,time-series-forecasting,43877228,5,3.2144
2026-04-26,automatic-speech-recognition,42170817,7,3.0894
2026-04-26,text-ranking,29648527,1,2.172
2026-04-26,text-to-speech,16854349,2,1.2347
2026-04-26,audio-classification,16469779,1,1.2066
2026-04-26,voice-activity-detection,14487699,2,1.0614
2026-04-26,text-classification,14382500,2,1.0537
2026-04-26,image-feature-extraction,8853181,2,0.6486
2026-04-26,image-to-text,8014577,1,0.5871
2026-04-26,any-to-any,3687101,1,0.2701
2026-04-26,object-detection,3506330,1,0.2569
2026-04-25,sentence-similarity,336724882,9,24.9065
2026-04-25,image-text-to-text,180674716,12,13.3639
2026-04-25,text-generation,164259228,20,12.1497
2026-04-25,fill-mask,139277740,8,10.3019
2026-04-25,unknown,139229292,12,10.2984
2026-04-25,image-classification,67081127,5,4.9618
2026-04-25,feature-extraction,62316254,6,4.6093
2026-04-25,zero-shot-image-classification,60758321,3,4.4941
2026-04-25,time-series-forecasting,44287856,5,3.2758
2026-04-25,automatic-speech-recognition,42473089,7,3.1416
2026-04-25,text-ranking,28832085,1,2.1326
2026-04-25,text-to-speech,16859570,2,1.247
2026-04-25,audio-classification,16607816,1,1.2284
2026-04-25,voice-activity-detection,14629017,2,1.0821
2026-04-25,text-classification,14118627,2,1.0443
2026-04-25,image-feature-extraction,8990277,2,0.665
2026-04-25,image-to-text,7932514,1,0.5867
2026-04-25,any-to-any,3473409,1,0.2569
2026-04-25,object-detection,3430520,1,0.2537
2026-04-24,sentence-similarity,330860975,8,24.7647
2026-04-24,image-text-to-text,166701565,12,12.4775
2026-04-24,text-generation,163865658,20,12.2652
2026-04-24,fill-mask,140357222,8,10.5056
2026-04-24,unknown,139822032,12,10.4656
2026-04-24,image-classification,67896347,5,5.082
2026-04-24,feature-extraction,61319964,6,4.5897
2026-04-24,zero-shot-image-classification,61217832,3,4.5821
2026-04-24,time-series-forecasting,44268396,5,3.3135
2026-04-24,automatic-speech-recognition,42372208,7,3.1715
2026-04-24,text-ranking,27983072,1,2.0945
2026-04-24,text-classification,17093634,3,1.2794
2026-04-24,text-to-speech,16836902,2,1.2602
2026-04-24,audio-classification,16808261,1,1.2581
2026-04-24,voice-activity-detection,14762474,2,1.105
2026-04-24,image-feature-extraction,9223378,2,0.6904
2026-04-24,image-to-text,7822359,1,0.5855
2026-04-24,object-detection,3407816,1,0.2551
2026-04-24,keypoint-detection,3400608,1,0.2545
2026-04-23,sentence-similarity,327583125,8,24.8578
2026-04-23,text-generation,171124544,22,12.9853
2026-04-23,image-text-to-text,149030394,11,11.3088
2026-04-23,fill-mask,140817048,8,10.6855
2026-04-23,unknown,140048783,12,10.6272
2026-04-23,image-classification,69033323,5,5.2384
2026-04-23,zero-shot-image-classification,61005805,3,4.6293
2026-04-23,feature-extraction,60149815,6,4.5643
2026-04-23,time-series-forecasting,43602898,5,3.3087
2026-04-23,automatic-speech-recognition,42008109,7,3.1877
2026-04-23,text-ranking,26976547,1,2.047
2026-04-23,audio-classification,17624120,1,1.3374
2026-04-23,text-to-speech,16805102,2,1.2752
2026-04-23,text-classification,16706575,3,1.2677
2026-04-23,voice-activity-detection,14646680,2,1.1114
2026-04-23,image-feature-extraction,9469588,2,0.7186
2026-04-23,image-to-text,7703291,1,0.5845
2026-04-23,keypoint-detection,3493425,1,0.2651
2026-04-22,sentence-similarity,327469652,9,25.1974
2026-04-22,text-generation,171466555,22,13.1936
2026-04-22,fill-mask,144152739,9,11.0919
2026-04-22,unknown,140123693,12,10.7819
2026-04-22,image-text-to-text,132616595,10,10.2043
2026-04-22,image-classification,69800057,5,5.3708
2026-04-22,zero-shot-image-classification,61309360,3,4.7175
2026-04-22,feature-extraction,58884732,6,4.5309
2026-04-22,automatic-speech-recognition,41903574,7,3.2243
2026-04-22,time-series-forecasting,39637085,4,3.0499
2026-04-22,text-ranking,26004265,1,2.0009
2026-04-22,audio-classification,17822477,1,1.3714
2026-04-22,text-to-speech,16720962,2,1.2866
2026-04-22,text-classification,16391533,3,1.2613
2026-04-22,voice-activity-detection,14375113,2,1.1061
2026-04-22,image-feature-extraction,9808337,2,0.7547
2026-04-22,image-to-text,7519420,1,0.5786
2026-04-22,keypoint-detection,3612257,1,0.2779
2026-04-21,sentence-similarity,323048704,9,25.3266
2026-04-21,text-generation,173815022,23,13.6269
2026-04-21,fill-mask,143999549,9,11.2894
2026-04-21,unknown,136885721,11,10.7317
2026-04-21,image-text-to-text,117712261,10,9.2285
2026-04-21,image-classification,70110929,5,5.4966
2026-04-21,zero-shot-image-classification,60467972,3,4.7406
2026-04-21,feature-extraction,57564043,6,4.513
2026-04-21,automatic-speech-recognition,41860293,7,3.2818
2026-04-21,time-series-forecasting,39385615,4,3.0878
2026-04-21,text-ranking,25054217,1,1.9642
2026-04-21,audio-classification,17412506,1,1.3651
2026-04-21,text-to-speech,16633358,2,1.304
2026-04-21,text-classification,16112598,3,1.2632
2026-04-21,voice-activity-detection,14237495,2,1.1162
2026-04-21,image-feature-extraction,10008059,2,0.7846
2026-04-21,image-to-text,7388188,1,0.5792
2026-04-21,keypoint-detection,3832800,1,0.3005
2026-04-20,sentence-similarity,317882685,9,25.2975
2026-04-20,text-generation,169013816,22,13.4503
2026-04-20,fill-mask,143158075,9,11.3927
2026-04-20,unknown,140520532,12,11.1828
2026-04-20,image-text-to-text,106695894,9,8.491
2026-04-20,image-classification,70237570,5,5.5896
2026-04-20,zero-shot-image-classification,60139478,3,4.786
2026-04-20,feature-extraction,56210262,6,4.4733
2026-04-20,automatic-speech-recognition,41748069,7,3.3224
2026-04-20,time-series-forecasting,38850599,4,3.0918
2026-04-20,text-ranking,24079420,1,1.9163
2026-04-20,text-classification,19049999,4,1.516
2026-04-20,audio-classification,17022172,1,1.3546
2026-04-20,text-to-speech,16531952,2,1.3156
2026-04-20,voice-activity-detection,14033969,2,1.1168
2026-04-20,image-feature-extraction,10007975,2,0.7964
2026-04-20,image-to-text,7264329,1,0.5781
2026-04-20,keypoint-detection,4131655,1,0.3288
2026-04-19,sentence-similarity,314694038,9,25.3941
2026-04-19,text-generation,168831711,22,13.6238
2026-04-19,fill-mask,144254393,9,11.6406
2026-04-19,unknown,141500948,12,11.4184
2026-04-19,image-text-to-text,92461231,9,7.4611
2026-04-19,image-classification,70525279,5,5.691
2026-04-19,zero-shot-image-classification,60221012,3,4.8595
2026-04-19,feature-extraction,54857644,6,4.4267
2026-04-19,automatic-speech-recognition,41983895,7,3.3879
2026-04-19,time-series-forecasting,38687321,4,3.1219
2026-04-19,text-ranking,23161908,1,1.869
2026-04-19,text-classification,18689295,4,1.5081
2026-04-19,audio-classification,17302029,1,1.3962
2026-04-19,text-to-speech,16419423,2,1.325
2026-04-19,voice-activity-detection,13881375,2,1.1202
2026-04-19,image-feature-extraction,10112456,2,0.816
2026-04-19,image-to-text,7198085,1,0.5808
2026-04-19,keypoint-detection,4457037,1,0.3597
2026-04-18,sentence-similarity,312125281,9,25.4318
2026-04-18,text-generation,172360118,23,14.0438
2026-04-18,fill-mask,150570585,10,12.2684
2026-04-18,unknown,143240418,12,11.6712
2026-04-18,image-text-to-text,78983233,9,6.4355
2026-04-18,image-classification,71143099,5,5.7967
2026-04-18,zero-shot-image-classification,59622922,3,4.858
2026-04-18,feature-extraction,53708152,6,4.3761
2026-04-18,automatic-speech-recognition,42243325,7,3.442
2026-04-18,time-series-forecasting,38900438,4,3.1696
2026-04-18,text-ranking,22354270,1,1.8214
2026-04-18,audio-classification,17918546,1,1.46
2026-04-18,text-to-speech,16329249,2,1.3305
2026-04-18,text-classification,15273302,3,1.2445
2026-04-18,voice-activity-detection,10545825,1,0.8593
2026-04-18,image-feature-extraction,10325748,2,0.8413
2026-04-18,image-to-text,7128483,1,0.5808
2026-04-18,keypoint-detection,4529344,1,0.369
2026-04-17,sentence-similarity,308925425,9,25.4536
2026-04-17,text-generation,167113183,22,13.7691
2026-04-17,fill-mask,151614507,10,12.4921
2026-04-17,unknown,144673861,12,11.9202
2026-04-17,image-classification,71374309,5,5.8808
2026-04-17,image-text-to-text,69455270,9,5.7227
2026-04-17,zero-shot-image-classification,60009243,3,4.9444
2026-04-17,feature-extraction,52381415,6,4.3159
2026-04-17,automatic-speech-recognition,42227193,7,3.4793
2026-04-17,time-series-forecasting,38861229,4,3.2019
2026-04-17,text-ranking,21481744,1,1.77
2026-04-17,audio-classification,17959060,1,1.4797
2026-04-17,text-to-speech,16398920,2,1.3512
2026-04-17,text-classification,14975041,3,1.2339
2026-04-17,image-feature-extraction,10637693,2,0.8765
2026-04-17,voice-activity-detection,10606573,1,0.8739
2026-04-17,image-to-text,7041253,1,0.5802
2026-04-17,keypoint-detection,4789780,1,0.3946
2026-04-17,any-to-any,3157169,1,0.2601
2026-04-16,sentence-similarity,306172392,9,25.5793
2026-04-16,text-generation,165758992,22,13.8484
2026-04-16,fill-mask,152875991,10,12.7721
2026-04-16,unknown,144666966,12,12.0862
2026-04-16,image-classification,71953864,5,6.0114
2026-04-16,zero-shot-image-classification,61173991,3,5.1108
2026-04-16,image-text-to-text,58293197,10,4.8701
2026-04-16,feature-extraction,51112225,6,4.2702
2026-04-16,automatic-speech-recognition,42240944,7,3.529
2026-04-16,time-series-forecasting,39149656,4,3.2708
2026-04-16,text-ranking,20755695,1,1.734
2026-04-16,audio-classification,18085282,1,1.5109
2026-04-16,text-to-speech,16549177,2,1.3826
2026-04-16,text-classification,14840024,3,1.2398
2026-04-16,image-feature-extraction,10894514,2,0.9102
2026-04-16,voice-activity-detection,10698185,1,0.8938
2026-04-16,image-to-text,6864443,1,0.5735
2026-04-16,keypoint-detection,4870536,1,0.4069
2026-04-15,sentence-similarity,303248502,9,25.6387
2026-04-15,text-generation,164857392,22,13.9382
2026-04-15,fill-mask,153693008,10,12.9942
2026-04-15,unknown,143898906,12,12.1662
2026-04-15,image-classification,72234445,5,6.1072
2026-04-15,zero-shot-image-classification,66102968,3,5.5888
2026-04-15,feature-extraction,49844334,6,4.2142
2026-04-15,automatic-speech-recognition,42050066,7,3.5552
2026-04-15,image-text-to-text,41928197,9,3.5449
2026-04-15,time-series-forecasting,39463997,4,3.3366
2026-04-15,text-ranking,20083989,1,1.698
2026-04-15,audio-classification,17854353,1,1.5095
2026-04-15,text-to-speech,16317587,2,1.3796
2026-04-15,text-classification,14697397,3,1.2426
2026-04-15,image-feature-extraction,11028412,2,0.9324
2026-04-15,voice-activity-detection,10740479,1,0.9081
2026-04-15,image-to-text,6719384,1,0.5681
2026-04-15,keypoint-detection,4856606,1,0.4106
2026-04-15,any-to-any,3157179,1,0.2669
2026-04-14,sentence-similarity,304737723,10,25.8904
2026-04-14,text-generation,162777024,22,13.8295
2026-04-14,fill-mask,154705302,10,13.1437
2026-04-14,unknown,142068154,12,12.0701
2026-04-14,image-classification,72013537,5,6.1182
2026-04-14,zero-shot-image-classification,65752295,3,5.5863
2026-04-14,feature-extraction,48842546,6,4.1496
2026-04-14,automatic-speech-recognition,45390350,8,3.8564
2026-04-14,time-series-forecasting,40456403,4,3.4372
2026-04-14,image-text-to-text,38206592,8,3.246
2026-04-14,text-ranking,19558715,1,1.6617
2026-04-14,audio-classification,18592981,1,1.5797
2026-04-14,text-to-speech,16180123,2,1.3747
2026-04-14,text-classification,14567379,3,1.2376
2026-04-14,image-feature-extraction,10991221,2,0.9338
2026-04-14,voice-activity-detection,10778423,1,0.9157
2026-04-14,image-to-text,6568928,1,0.5581
2026-04-14,keypoint-detection,4841004,1,0.4113
2026-04-13,sentence-similarity,302843577,10,25.8545
2026-04-13,text-generation,157341499,21,13.4326
2026-04-13,fill-mask,154126136,10,13.1581
2026-04-13,unknown,142254246,12,12.1446
2026-04-13,image-classification,72212186,5,6.1649
2026-04-13,zero-shot-image-classification,65542599,3,5.5955
2026-04-13,feature-extraction,47982981,6,4.0964
2026-04-13,automatic-speech-recognition,46070755,8,3.9332
2026-04-13,time-series-forecasting,40865178,4,3.4888
2026-04-13,image-text-to-text,37475289,8,3.1994
2026-04-13,text-ranking,19234142,1,1.6421
2026-04-13,audio-classification,18977088,1,1.6201
2026-04-13,text-to-speech,16127692,2,1.3769
2026-04-13,text-classification,14450153,3,1.2336
2026-04-13,image-feature-extraction,10802180,2,0.9222
2026-04-13,voice-activity-detection,10720899,1,0.9153
2026-04-13,image-to-text,6394405,1,0.5459
2026-04-13,keypoint-detection,4754046,1,0.4059
2026-04-13,any-to-any,3164541,1,0.2702
2026-04-12,sentence-similarity,300917606,10,25.8428
2026-04-12,fill-mask,157334365,11,13.5119
2026-04-12,text-generation,153629406,21,13.1937
2026-04-12,unknown,142727662,12,12.2574
2026-04-12,image-classification,71682810,5,6.1561
2026-04-12,zero-shot-image-classification,65813169,3,5.652
2026-04-12,feature-extraction,47025610,6,4.0386
2026-04-12,automatic-speech-recognition,46882384,8,4.0263
2026-04-12,time-series-forecasting,40668929,4,3.4926
2026-04-12,image-text-to-text,34120671,7,2.9303
2026-04-12,audio-classification,19147796,1,1.6444
2026-04-12,text-ranking,18775738,1,1.6125
2026-04-12,text-to-speech,16091249,2,1.3819
2026-04-12,text-classification,14292644,3,1.2275
2026-04-12,voice-activity-detection,10830478,1,0.9301
2026-04-12,image-feature-extraction,10663060,2,0.9157
2026-04-12,image-to-text,6199300,1,0.5324
2026-04-12,keypoint-detection,4444511,1,0.3817
2026-04-12,any-to-any,3169605,1,0.2722
2026-04-11,sentence-similarity,300356376,10,25.7149
2026-04-11,fill-mask,159101639,11,13.6214
2026-04-11,text-generation,154230208,21,13.2044
2026-04-11,unknown,144470148,12,12.3688
2026-04-11,image-classification,71879400,5,6.1539
2026-04-11,zero-shot-image-classification,66861000,3,5.7243
2026-04-11,automatic-speech-recognition,47643867,8,4.079
2026-04-11,feature-extraction,46162095,6,3.9521
2026-04-11,time-series-forecasting,40434878,4,3.4618
2026-04-11,image-text-to-text,34133231,7,2.9223
2026-04-11,audio-classification,19267851,1,1.6496
2026-04-11,text-ranking,18206110,1,1.5587
2026-04-11,text-to-speech,16006862,2,1.3704
2026-04-11,text-classification,14446859,3,1.2369
2026-04-11,voice-activity-detection,11019055,1,0.9434
2026-04-11,image-feature-extraction,10454064,2,0.895
2026-04-11,image-to-text,6018649,1,0.5153
2026-04-11,keypoint-detection,4157977,1,0.356
2026-04-11,any-to-any,3175010,1,0.2718
2026-04-10,sentence-similarity,297776160,10,25.6989
2026-04-10,fill-mask,159305343,11,13.7485
2026-04-10,text-generation,153147858,21,13.2171
2026-04-10,unknown,142983895,12,12.3399
2026-04-10,image-classification,71856446,5,6.2014
2026-04-10,zero-shot-image-classification,65848708,3,5.6829
2026-04-10,automatic-speech-recognition,47771096,8,4.1228
2026-04-10,feature-extraction,44875921,6,3.8729
2026-04-10,time-series-forecasting,40136641,4,3.4639
2026-04-10,image-text-to-text,33839766,7,2.9205
2026-04-10,audio-classification,19125301,1,1.6506
2026-04-10,text-ranking,17230680,1,1.4871
2026-04-10,text-to-speech,15910465,2,1.3731
2026-04-10,text-classification,14297054,3,1.2339
2026-04-10,voice-activity-detection,11077399,1,0.956
2026-04-10,image-feature-extraction,10468807,2,0.9035
2026-04-10,image-to-text,5832345,1,0.5033
2026-04-10,keypoint-detection,4048671,1,0.3494
2026-04-10,any-to-any,3181274,1,0.2746
2026-04-09,sentence-similarity,297532129,10,25.7648
2026-04-09,fill-mask,159864484,11,13.8434
2026-04-09,text-generation,152506299,21,13.2063
2026-04-09,unknown,138925650,11,12.0302
2026-04-09,image-classification,71932952,5,6.229
2026-04-09,zero-shot-image-classification,64752868,3,5.6073
2026-04-09,automatic-speech-recognition,48221764,8,4.1758
2026-04-09,feature-extraction,43850499,6,3.7972
2026-04-09,time-series-forecasting,39720546,4,3.4396
2026-04-09,image-text-to-text,36973447,8,3.2017
2026-04-09,audio-classification,19699862,1,1.7059
2026-04-09,text-ranking,16556072,1,1.4337
2026-04-09,text-to-speech,15928373,2,1.3793
2026-04-09,text-classification,14276141,3,1.2362
2026-04-09,voice-activity-detection,11128609,1,0.9637
2026-04-09,image-feature-extraction,10224858,2,0.8854
2026-04-09,image-to-text,5640118,1,0.4884
2026-04-09,keypoint-detection,3881534,1,0.3361
2026-04-09,any-to-any,3186855,1,0.276
2026-04-08,sentence-similarity,298315603,10,25.7677
2026-04-08,fill-mask,161188772,11,13.923
2026-04-08,text-generation,150505300,20,13.0002
2026-04-08,unknown,143771670,12,12.4186
2026-04-08,image-classification,72121845,5,6.2297
2026-04-08,zero-shot-image-classification,63552046,3,5.4894
2026-04-08,automatic-speech-recognition,51845238,9,4.4782
2026-04-08,feature-extraction,42944367,6,3.7094
2026-04-08,time-series-forecasting,39151108,4,3.3818
2026-04-08,image-text-to-text,36956358,8,3.1922
2026-04-08,audio-classification,20709773,1,1.7889
2026-04-08,text-ranking,16159250,1,1.3958
2026-04-08,text-to-speech,16042180,2,1.3857
2026-04-08,text-classification,14269197,3,1.2325
2026-04-08,voice-activity-detection,11142595,1,0.9625
2026-04-08,image-feature-extraction,9819081,2,0.8481
2026-04-08,image-to-text,5470783,1,0.4726
2026-04-08,keypoint-detection,3748237,1,0.3238
